{"stats":{"minecraft:killed_by":{"minecraft:zombie":3,"minecraft:player":2,"minecraft:skeleton":2},"minecraft:dropped":{"minecraft:soul_sand":3,"minecraft:moss_block":7,"minecraft:birch_planks":4,"minecraft:porkchop":25,"minecraft:lapis_lazuli":5,"minecraft:cooked_beef":9,"minecraft:oak_log":2,"minecraft:diamond":22,"minecraft:cobblestone_stairs":14,"minecraft:flint":2,"minecraft:dirt":50,"minecraft:crimson_roots":1,"minecraft:bone_meal":1,"minecraft:sand":12,"minecraft:white_wool":5,"minecraft:gold_ingot":14,"minecraft:gravel":17,"minecraft:stone_axe":2,"minecraft:sugar_cane":1,"minecraft:iron_nugget":10,"minecraft:cobbled_deepslate":18,"minecraft:wheat":67,"minecraft:obsidian":1,"minecraft:rotten_flesh":122,"minecraft:oak_planks":8,"minecraft:salmon":4,"minecraft:deepslate_tiles":3,"minecraft:gunpowder":1,"minecraft:azalea":1,"minecraft:warped_wart_block":1,"minecraft:netherrack":2550,"minecraft:water_bucket":1,"minecraft:iron_ingot":6,"minecraft:wheat_seeds":169,"minecraft:cobbled_deepslate_stairs":16,"minecraft:diamond_leggings":1,"minecraft:cobblestone":12,"minecraft:feather":3,"minecraft:deepslate_tile_slab":1,"minecraft:coal":96,"minecraft:stick":6,"minecraft:gray_wool":1,"minecraft:torch":2,"minecraft:melon_slice":1,"minecraft:diamond_helmet":1,"minecraft:fire_charge":1,"minecraft:iron_shovel":1,"minecraft:string":16,"minecraft:lily_pad":3,"minecraft:spruce_sapling":4,"minecraft:dandelion":3,"minecraft:furnace":1,"minecraft:raw_copper":4,"minecraft:raw_iron":2,"minecraft:clay_ball":16,"minecraft:filled_map":1,"minecraft:diamond_sword":4,"minecraft:potato":4,"minecraft:cobblestone_slab":1,"minecraft:spruce_boat":1,"minecraft:diamond_chestplate":1,"minecraft:spruce_planks":4,"minecraft:diamond_pickaxe":4,"minecraft:andesite":8,"minecraft:oak_boat":1,"minecraft:oak_sapling":14,"minecraft:spider_eye":2,"minecraft:spruce_log":64,"minecraft:bamboo":47,"minecraft:diamond_boots":1,"minecraft:bow":5,"minecraft:stone_pickaxe":2,"minecraft:wooden_pickaxe":2},"minecraft:broken":{"minecraft:golden_helmet":1,"minecraft:iron_shovel":3,"minecraft:golden_shovel":1,"minecraft:golden_leggings":1,"minecraft:stone_axe":2,"minecraft:shield":1,"minecraft:iron_axe":1,"minecraft:iron_pickaxe":6,"minecraft:golden_pickaxe":1},"minecraft:used":{"minecraft:moss_block":1,"minecraft:iron_shovel":1288,"minecraft:polished_deepslate":1,"minecraft:dispenser":4,"minecraft:chest":50,"minecraft:shield":102,"minecraft:rotten_flesh":6,"minecraft:soul_sand":8,"minecraft:deepslate_tile_slab":280,"minecraft:deepslate_brick_slab":159,"minecraft:tuff":19,"minecraft:axolotl_bucket":1,"minecraft:obsidian":10,"minecraft:spruce_boat":15,"minecraft:glass":284,"minecraft:lava_bucket":8,"minecraft:black_stained_glass_pane":132,"minecraft:stone_bricks":363,"minecraft:bow":188,"minecraft:scaffolding":52,"minecraft:sweet_berries":4,"minecraft:furnace":14,"minecraft:potato":292,"minecraft:diorite":2,"minecraft:diamond_boots":1,"minecraft:spruce_door":2,"minecraft:stone_pickaxe":140,"minecraft:oak_planks":5,"minecraft:wooden_pickaxe":34,"minecraft:sandstone":9,"minecraft:diamond_axe":68,"minecraft:sugar_cane":87,"minecraft:white_wool":1,"minecraft:glow_berries":18,"minecraft:sand":590,"minecraft:blast_furnace":2,"minecraft:cobbled_deepslate_stairs":19,"minecraft:deepslate_tiles":237,"minecraft:lever":2,"minecraft:melon_slice":64,"minecraft:gravel":4,"minecraft:diamond_sword":1647,"minecraft:grindstone":1,"minecraft:andesite":6,"minecraft:oak_boat":1,"minecraft:coarse_dirt":2,"minecraft:bone_meal":30,"minecraft:golden_pickaxe":32,"minecraft:enchanting_table":1,"minecraft:flint_and_steel":1,"minecraft:redstone":88,"minecraft:spruce_planks":30,"minecraft:cooked_chicken":1,"minecraft:netherrack":477,"minecraft:torch":689,"minecraft:dirt":322,"minecraft:anvil":1,"minecraft:hopper":25,"minecraft:diamond_helmet":1,"minecraft:raw_iron_block":1,"minecraft:golden_shovel":32,"minecraft:granite":1,"minecraft:oak_fence_gate":4,"minecraft:iron_hoe":220,"minecraft:bookshelf":16,"minecraft:iron_axe":323,"minecraft:bamboo":35,"minecraft:diamond_chestplate":1,"minecraft:cooked_beef":97,"minecraft:cobbled_deepslate":1506,"minecraft:observer":22,"minecraft:wheat_seeds":179,"minecraft:cooked_mutton":4,"minecraft:water_bucket":234,"minecraft:cobblestone_stairs":9,"minecraft:baked_potato":64,"minecraft:stonecutter":1,"minecraft:mossy_cobblestone":40,"minecraft:crafting_table":30,"minecraft:white_bed":2,"minecraft:smoker":1,"minecraft:deepslate_tile_wall":62,"minecraft:piston":81,"minecraft:diamond_pickaxe":8674,"minecraft:diamond_shovel":541,"minecraft:iron_pickaxe":1981,"minecraft:stone_axe":284,"minecraft:fishing_rod":4,"minecraft:cobblestone":238,"minecraft:cobbled_deepslate_slab":14,"minecraft:purple_bed":3,"minecraft:white_banner":1,"minecraft:cooked_porkchop":41,"minecraft:bucket":246,"minecraft:kelp":123},"minecraft:custom":{"minecraft:animals_bred":33,"minecraft:interact_with_crafting_table":145,"minecraft:leave_game":4,"minecraft:time_since_death":193852,"minecraft:sprint_one_cm":4017240,"minecraft:damage_blocked_by_shield":4180,"minecraft:drop":227,"minecraft:talked_to_villager":1,"minecraft:play_time":1105525,"minecraft:deaths":8,"minecraft:jump":18869,"minecraft:walk_on_water_one_cm":198574,"minecraft:enchant_item":17,"minecraft:interact_with_furnace":166,"minecraft:sleep_in_bed":30,"minecraft:damage_dealt":99420,"minecraft:player_kills":5,"minecraft:crouch_one_cm":384846,"minecraft:interact_with_smoker":18,"minecraft:inspect_dispenser":7,"minecraft:interact_with_anvil":6,"minecraft:mob_kills":1529,"minecraft:inspect_hopper":34,"minecraft:climb_one_cm":65014,"minecraft:walk_one_cm":1933736,"minecraft:sneak_time":109010,"minecraft:walk_under_water_one_cm":515763,"minecraft:boat_one_cm":541365,"minecraft:interact_with_blast_furnace":33,"minecraft:total_world_time":1105525,"minecraft:interact_with_grindstone":6,"minecraft:interact_with_stonecutter":20,"minecraft:time_since_rest":19924,"minecraft:damage_taken":15390,"minecraft:swim_one_cm":474492,"minecraft:fly_one_cm":3000813,"minecraft:open_chest":670,"minecraft:fish_caught":3,"minecraft:fall_one_cm":477784},"minecraft:mined":{"minecraft:spruce_planks":10,"minecraft:white_bed":2,"minecraft:cobbled_deepslate_stairs":19,"minecraft:cobblestone_stairs":4,"minecraft:obsidian":15,"minecraft:cave_vines_plant":7,"minecraft:granite":12,"minecraft:deepslate_tile_wall":3,"minecraft:grass_block":435,"minecraft:hopper":8,"minecraft:tuff_bricks":3,"minecraft:spawner":1,"minecraft:magma_block":9,"minecraft:raw_iron_block":4,"minecraft:iron_ore":196,"minecraft:cobbled_deepslate":198,"minecraft:fire":4,"minecraft:moss_carpet":1,"minecraft:deepslate_lapis_ore":17,"minecraft:cave_vines":26,"minecraft:azalea":6,"minecraft:deepslate_redstone_ore":52,"minecraft:blackstone":6,"minecraft:kelp_plant":40,"minecraft:deepslate_tile_slab":22,"minecraft:clay":11,"minecraft:torch":21,"minecraft:poppy":1,"minecraft:melon":17,"minecraft:chest":18,"minecraft:dead_bush":1,"minecraft:glass":29,"minecraft:nether_quartz_ore":340,"minecraft:cobblestone":126,"minecraft:sugar_cane":302,"minecraft:oak_planks":4,"minecraft:wall_torch":13,"minecraft:warped_nylium":26,"minecraft:birch_log":36,"minecraft:wheat":202,"minecraft:pumpkin_stem":1,"minecraft:oak_log":197,"minecraft:sand":1285,"minecraft:dirt":118,"minecraft:dispenser":4,"minecraft:ancient_debris":6,"minecraft:netherrack":4801,"minecraft:piston":1,"minecraft:oak_leaves":51,"minecraft:deepslate":2242,"minecraft:nether_gold_ore":21,"minecraft:deepslate_tiles":12,"minecraft:diamond_ore":2,"minecraft:tuff":96,"minecraft:mossy_cobblestone":63,"minecraft:dark_oak_leaves":1,"minecraft:deepslate_diamond_ore":167,"minecraft:glow_lichen":1,"minecraft:lever":2,"minecraft:cobbled_deepslate_slab":8,"minecraft:crimson_roots":1,"minecraft:redstone_wire":7,"minecraft:spruce_leaves":33,"minecraft:moss_block":25,"minecraft:kelp":7,"minecraft:sandstone":10,"minecraft:large_fern":6,"minecraft:deepslate_brick_slab":26,"minecraft:redstone_ore":6,"minecraft:furnace":12,"minecraft:andesite":251,"minecraft:big_dripleaf_stem":1,"minecraft:polished_deepslate":1,"minecraft:cobblestone_slab":1,"minecraft:potatoes":79,"minecraft:deepslate_iron_ore":183,"minecraft:vine":1,"minecraft:warped_stem":9,"minecraft:bamboo_sapling":1,"minecraft:bamboo":5,"minecraft:stone":1163,"minecraft:scaffolding":16,"minecraft:flowering_azalea":3,"minecraft:soul_sand":24,"minecraft:observer":2,"minecraft:dandelion":3,"minecraft:crafting_table":24,"minecraft:short_grass":138,"minecraft:tall_grass":12,"minecraft:copper_ore":7,"minecraft:lapis_ore":6,"minecraft:deepslate_gold_ore":58,"minecraft:lily_pad":1,"minecraft:diorite":19,"minecraft:big_dripleaf":1,"minecraft:warped_wart_block":1,"minecraft:purple_bed":3,"minecraft:coarse_dirt":2,"minecraft:sweet_berry_bush":1,"minecraft:spruce_log":74,"minecraft:birch_leaves":2,"minecraft:coal_ore":392,"minecraft:gravel":110,"minecraft:stone_bricks":47,"minecraft:gold_ore":3,"minecraft:fern":43},"minecraft:picked_up":{"minecraft:seagrass":2,"minecraft:iron_chestplate":1,"minecraft:wheat":220,"minecraft:stone_slab":1,"minecraft:diamond_sword":7,"minecraft:potion":1,"minecraft:enchanted_book":1,"minecraft:golden_sword":1,"minecraft:polished_deepslate":2,"minecraft:string":36,"minecraft:raw_copper":60,"minecraft:diamond_leggings":3,"minecraft:deepslate_tiles":15,"minecraft:cobbled_deepslate":3005,"minecraft:gold_nugget":113,"minecraft:smooth_stone":1,"minecraft:bucket":2,"minecraft:spruce_planks":63,"minecraft:cobblestone_slab":1,"minecraft:azalea":15,"minecraft:iron_pickaxe":1,"minecraft:deepslate_tile_wall":29,"minecraft:melon_slice":119,"minecraft:furnace":13,"minecraft:iron_boots":1,"minecraft:tipped_arrow":1,"minecraft:stick":21,"minecraft:big_dripleaf":5,"minecraft:torch":122,"minecraft:porkchop":192,"minecraft:golden_axe":1,"minecraft:diorite":37,"minecraft:golden_chestplate":1,"minecraft:rotten_flesh":302,"minecraft:obsidian":20,"minecraft:cod":6,"minecraft:cobblestone":1402,"minecraft:birch_log":36,"minecraft:magma_block":18,"minecraft:feather":3,"minecraft:cooked_beef":2,"minecraft:water_bucket":12,"minecraft:andesite":323,"minecraft:potato":441,"minecraft:flint":17,"minecraft:tuff":138,"minecraft:lapis_lazuli":459,"minecraft:dirt":631,"minecraft:name_tag":4,"minecraft:bone":112,"minecraft:glass":38,"minecraft:bow":14,"minecraft:wheat_seeds":550,"minecraft:deepslate_brick_slab":162,"minecraft:raw_gold":218,"minecraft:cobbled_deepslate_slab":8,"minecraft:diamond_helmet":3,"minecraft:glowstone_dust":1,"minecraft:bamboo":144,"minecraft:moss_block":49,"minecraft:oak_planks":53,"minecraft:cooked_porkchop":9,"minecraft:warped_wart_block":1,"minecraft:black_stained_glass_pane":28,"minecraft:sand":1421,"minecraft:ink_sac":8,"minecraft:mossy_cobblestone":86,"minecraft:iron_hoe":1,"minecraft:dispenser":6,"minecraft:diamond":502,"minecraft:spruce_boat":12,"minecraft:lever":3,"minecraft:granite":15,"minecraft:bone_meal":1,"minecraft:golden_apple":1,"minecraft:golden_horse_armor":3,"minecraft:oak_sapling":18,"minecraft:netherrack":3858,"minecraft:crimson_roots":3,"minecraft:diamond_pickaxe":6,"minecraft:fishing_rod":1,"minecraft:coarse_dirt":2,"minecraft:crafting_table":26,"minecraft:ominous_bottle":3,"minecraft:chicken":2,"minecraft:clay_ball":48,"minecraft:moss_carpet":24,"minecraft:iron_axe":3,"minecraft:flint_and_steel":2,"minecraft:iron_shovel":5,"minecraft:blackstone":4,"minecraft:beef":136,"minecraft:observer":2,"minecraft:iron_nugget":47,"minecraft:chest":18,"minecraft:sugar_cane":685,"minecraft:piston":1,"minecraft:black_stained_glass":4,"minecraft:raw_iron":681,"minecraft:sandstone":10,"minecraft:stone":3,"minecraft:fire_charge":2,"minecraft:carrot":1,"minecraft:redstone":357,"minecraft:iron_horse_armor":2,"minecraft:diamond_chestplate":3,"minecraft:arrow":128,"minecraft:diamond_boots":3,"minecraft:saddle":2,"minecraft:gold_ingot":10,"minecraft:glow_berries":15,"minecraft:mutton":9,"minecraft:white_wool":12,"minecraft:glow_ink_sac":4,"minecraft:salmon":4,"minecraft:leather":100,"minecraft:oak_log":202,"minecraft:lily_pad":5,"minecraft:ancient_debris":6,"minecraft:cobbled_deepslate_stairs":16,"minecraft:gunpowder":8,"minecraft:cobblestone_stairs":23,"minecraft:deepslate_tile_slab":146,"minecraft:paper":78,"minecraft:white_banner":1,"minecraft:cooked_mutton":2,"minecraft:apple":4,"minecraft:stone_bricks":47,"minecraft:kelp":555,"minecraft:warped_stem":15,"minecraft:oak_fence_gate":2,"minecraft:iron_ingot":28,"minecraft:flowering_azalea":3,"minecraft:soul_sand":67,"minecraft:scaffolding":554,"minecraft:sweet_berries":8,"minecraft:quartz":658,"minecraft:dandelion":3,"minecraft:raw_iron_block":4,"minecraft:lava_bucket":3,"minecraft:gravel":212,"minecraft:spruce_sapling":4,"minecraft:white_bed":2,"minecraft:spruce_log":146,"minecraft:spruce_door":1,"minecraft:spider_eye":20,"minecraft:purple_bed":3,"minecraft:slime_ball":30,"minecraft:stone_axe":1,"minecraft:gray_wool":1,"minecraft:baked_potato":101,"minecraft:melon_seeds":6,"minecraft:coal":838,"minecraft:hopper":8,"minecraft:ender_pearl":2},"minecraft:crafted":{"minecraft:black_dye":8,"minecraft:grindstone":1,"minecraft:oak_planks":684,"minecraft:smooth_stone":7,"minecraft:cooked_chicken":1,"minecraft:stone":330,"minecraft:lever":1,"minecraft:diamond_shovel":1,"minecraft:bookshelf":16,"minecraft:cooked_mutton":2,"minecraft:warped_planks":32,"minecraft:quartz_block":111,"minecraft:glass":348,"minecraft:hopper":17,"minecraft:diamond_helmet":2,"minecraft:bow":4,"minecraft:diamond_leggings":2,"minecraft:iron_boots":1,"minecraft:chest":49,"minecraft:stone_bricks":252,"minecraft:raw_iron_block":14,"minecraft:smoker":1,"minecraft:cooked_porkchop":37,"minecraft:diamond_axe":1,"minecraft:crafting_table":9,"minecraft:spruce_planks":244,"minecraft:baked_potato":105,"minecraft:wooden_pickaxe":4,"minecraft:spruce_door":3,"minecraft:birch_planks":144,"minecraft:dispenser":2,"minecraft:iron_chestplate":1,"minecraft:book":50,"minecraft:diamond_pickaxe":4,"minecraft:paper":228,"minecraft:shield":3,"minecraft:stick":316,"minecraft:iron_ingot":372,"minecraft:iron_pickaxe":9,"minecraft:iron_block":3,"minecraft:gold_ingot":6,"minecraft:cobbled_deepslate_slab":24,"minecraft:redstone":45,"minecraft:raw_iron":27,"minecraft:furnace":6,"minecraft:blast_furnace":2,"minecraft:piston":88,"minecraft:bone_meal":30,"minecraft:flint_and_steel":1,"minecraft:polished_deepslate":1,"minecraft:iron_axe":2,"minecraft:iron_hoe":1,"minecraft:stone_pickaxe":4,"minecraft:diamond_boots":2,"minecraft:cobbled_deepslate_stairs":16,"minecraft:deepslate_tile_wall":10,"minecraft:spruce_boat":5,"minecraft:redstone_block":21,"minecraft:observer":24,"minecraft:cooked_beef":104,"minecraft:diamond_sword":2,"minecraft:enchanting_table":1,"minecraft:deepslate_brick_slab":14,"minecraft:bucket":2,"minecraft:deepslate_tiles":2,"minecraft:stone_axe":5,"minecraft:air":0,"minecraft:black_stained_glass":64,"minecraft:oak_fence_gate":6,"minecraft:oak_boat":2,"minecraft:black_stained_glass_pane":160,"minecraft:iron_shovel":6,"minecraft:stonecutter":1,"minecraft:anvil":1,"minecraft:white_bed":1,"minecraft:torch":668,"minecraft:diamond_chestplate":2},"minecraft:killed":{"minecraft:witch":1,"minecraft:spider":15,"minecraft:skeleton":41,"minecraft:chicken":5,"minecraft:wolf":1,"minecraft:piglin":4,"minecraft:pig":51,"minecraft:zombie_villager":2,"minecraft:salmon":1,"minecraft:creeper":2,"minecraft:sheep":7,"minecraft:pillager":2,"minecraft:zombie":1305,"minecraft:ghast":1,"minecraft:cow":50,"minecraft:bogged":1,"minecraft:slime":16,"minecraft:drowned":1,"minecraft:squid":3,"minecraft:enderman":1}},"DataVersion":3953}