{"stats":{"minecraft:killed_by":{"minecraft:player":2,"minecraft:creeper":1},"minecraft:dropped":{"minecraft:iron_ingot":1,"minecraft:moss_block":17,"minecraft:wheat_seeds":40,"minecraft:poisonous_potato":2,"minecraft:diorite":10,"minecraft:flowering_azalea":1,"minecraft:moss_carpet":8,"minecraft:sweet_berries":15,"minecraft:rotten_flesh":3,"minecraft:cobblestone_slab":1,"minecraft:azalea":6},"minecraft:broken":{"minecraft:stone_hoe":4,"minecraft:stone_pickaxe":11,"minecraft:stone_axe":4,"minecraft:stone_shovel":9},"minecraft:used":{"minecraft:azalea":4,"minecraft:moss_block":15,"minecraft:moss_carpet":1,"minecraft:stone_shovel":1182,"minecraft:chest":16,"minecraft:spruce_planks":5,"minecraft:stone_hoe":604,"minecraft:torch":253,"minecraft:dirt":302,"minecraft:carrot":1,"minecraft:tuff":1,"minecraft:granite":3,"minecraft:spruce_boat":5,"minecraft:wooden_axe":24,"minecraft:lava_bucket":4,"minecraft:bamboo":68,"minecraft:sweet_berries":114,"minecraft:furnace":21,"minecraft:cooked_beef":4,"minecraft:potato":240,"minecraft:pointed_dripstone":4,"minecraft:wheat_seeds":129,"minecraft:water_bucket":41,"minecraft:diorite":16,"minecraft:spruce_door":2,"minecraft:stone_pickaxe":1572,"minecraft:baked_potato":42,"minecraft:wooden_pickaxe":31,"minecraft:cauldron":4,"minecraft:sugar_cane":1,"minecraft:glow_berries":17,"minecraft:sand":615,"minecraft:crafting_table":13,"minecraft:spruce_log":1,"minecraft:diamond_pickaxe":399,"minecraft:bread":3,"minecraft:stone_axe":491,"minecraft:cobblestone":168,"minecraft:purple_bed":7,"minecraft:andesite":38,"minecraft:bucket":67,"minecraft:coarse_dirt":15},"minecraft:custom":{"minecraft:mob_kills":50,"minecraft:animals_bred":7,"minecraft:interact_with_crafting_table":76,"minecraft:leave_game":4,"minecraft:time_since_death":54391,"minecraft:climb_one_cm":2063,"minecraft:sprint_one_cm":1416944,"minecraft:walk_one_cm":1719598,"minecraft:drop":92,"minecraft:talked_to_villager":3,"minecraft:play_time":538517,"minecraft:deaths":4,"minecraft:sneak_time":8109,"minecraft:walk_under_water_one_cm":72904,"minecraft:boat_one_cm":224067,"minecraft:jump":3770,"minecraft:walk_on_water_one_cm":101891,"minecraft:total_world_time":538517,"minecraft:interact_with_furnace":279,"minecraft:sleep_in_bed":12,"minecraft:time_since_rest":3627,"minecraft:damage_taken":4735,"minecraft:damage_dealt":7371,"minecraft:swim_one_cm":104733,"minecraft:fly_one_cm":203403,"minecraft:open_chest":245,"minecraft:crouch_one_cm":23145,"minecraft:use_cauldron":12,"minecraft:fall_one_cm":68965},"minecraft:mined":{"minecraft:tuff":85,"minecraft:spruce_planks":5,"minecraft:mossy_cobblestone":5,"minecraft:deepslate_diamond_ore":1,"minecraft:sculk_vein":157,"minecraft:cherry_log":11,"minecraft:cobblestone_stairs":2,"minecraft:cave_vines_plant":5,"minecraft:granite":41,"minecraft:grass_block":217,"minecraft:spruce_leaves":62,"minecraft:kelp":3,"minecraft:moss_block":19,"minecraft:spawner":1,"minecraft:large_fern":4,"minecraft:hay_block":8,"minecraft:tall_seagrass":9,"minecraft:spruce_sapling":4,"minecraft:furnace":5,"minecraft:carrots":1,"minecraft:iron_ore":56,"minecraft:andesite":124,"minecraft:moss_carpet":1,"minecraft:deepslate_lapis_ore":14,"minecraft:pointed_dripstone":3,"minecraft:potatoes":168,"minecraft:cave_vines":46,"minecraft:deepslate_iron_ore":21,"minecraft:dirt_path":2,"minecraft:bamboo":31,"minecraft:azalea":1,"minecraft:stone":557,"minecraft:deepslate_redstone_ore":22,"minecraft:flowering_azalea":1,"minecraft:kelp_plant":6,"minecraft:clay":172,"minecraft:crafting_table":10,"minecraft:torch":8,"minecraft:short_grass":13,"minecraft:poppy":1,"minecraft:chest":3,"minecraft:tall_grass":3,"minecraft:cobblestone":42,"minecraft:lapis_ore":5,"minecraft:deepslate_gold_ore":17,"minecraft:sculk":474,"minecraft:sugar_cane":7,"minecraft:diorite":42,"minecraft:wall_torch":49,"minecraft:seagrass":4,"minecraft:purple_bed":7,"minecraft:coarse_dirt":15,"minecraft:birch_log":57,"minecraft:wheat":128,"minecraft:sweet_berry_bush":26,"minecraft:spruce_log":119,"minecraft:birch_leaves":7,"minecraft:pumpkin_stem":3,"minecraft:oak_log":35,"minecraft:coal_ore":104,"minecraft:gravel":5,"minecraft:sand":790,"minecraft:dirt":107,"minecraft:smooth_basalt":5,"minecraft:oak_leaves":6,"minecraft:deepslate":761,"minecraft:fern":27},"minecraft:picked_up":{"minecraft:wooden_axe":1,"minecraft:iron_chestplate":3,"minecraft:seagrass":14,"minecraft:crafting_table":12,"minecraft:coarse_dirt":15,"minecraft:wheat":94,"minecraft:clay_ball":861,"minecraft:lead":2,"minecraft:wooden_pickaxe":1,"minecraft:diamond_horse_armor":1,"minecraft:string":38,"minecraft:moss_carpet":30,"minecraft:iron_leggings":2,"minecraft:armor_stand":2,"minecraft:cobbled_deepslate":770,"minecraft:bucket":1,"minecraft:spruce_planks":109,"minecraft:beef":4,"minecraft:cobblestone_slab":2,"minecraft:azalea":10,"minecraft:poppy":1,"minecraft:enchanted_golden_apple":1,"minecraft:sugar_cane":31,"minecraft:chest":3,"minecraft:birch_sapling":20,"minecraft:iron_boots":2,"minecraft:egg":18,"minecraft:furnace":6,"minecraft:stick":67,"minecraft:raw_iron":229,"minecraft:big_dripleaf":3,"minecraft:torch":102,"minecraft:cherry_log":11,"minecraft:pointed_dripstone":8,"minecraft:diorite":68,"minecraft:carrot":6,"minecraft:redstone":156,"minecraft:rotten_flesh":27,"minecraft:arrow":7,"minecraft:tropical_fish":1,"minecraft:shears":1,"minecraft:hay_block":8,"minecraft:saddle":1,"minecraft:glow_berries":25,"minecraft:mutton":10,"minecraft:white_wool":3,"minecraft:cobblestone":778,"minecraft:birch_log":114,"minecraft:pink_petals":2,"minecraft:glow_ink_sac":2,"minecraft:cooked_beef":4,"minecraft:salmon":1,"minecraft:water_bucket":2,"minecraft:andesite":131,"minecraft:leather":6,"minecraft:potato":593,"minecraft:flint":2,"minecraft:tuff":85,"minecraft:oak_log":70,"minecraft:lily_pad":5,"minecraft:gunpowder":4,"minecraft:cobblestone_stairs":16,"minecraft:lapis_lazuli":191,"minecraft:dirt":327,"minecraft:name_tag":2,"minecraft:bone":19,"minecraft:apple":2,"minecraft:kelp":96,"minecraft:wheat_seeds":302,"minecraft:raw_gold":27,"minecraft:stone_pickaxe":12,"minecraft:bamboo":295,"minecraft:moss_block":36,"minecraft:flowering_azalea":1,"minecraft:stone_hoe":1,"minecraft:smooth_basalt":5,"minecraft:sweet_berries":160,"minecraft:poisonous_potato":2,"minecraft:gravel":23,"minecraft:sand":790,"minecraft:spruce_sapling":20,"minecraft:spruce_log":138,"minecraft:spider_eye":6,"minecraft:mossy_cobblestone":10,"minecraft:pumpkin_seeds":4,"minecraft:purple_bed":7,"minecraft:diamond":8,"minecraft:spruce_boat":6,"minecraft:stone_axe":3,"minecraft:iron_helmet":3,"minecraft:granite":41,"minecraft:cherry_sapling":8,"minecraft:baked_potato":71,"minecraft:oak_sapling":20,"minecraft:coal":295,"minecraft:diamond_pickaxe":3},"minecraft:crafted":{"minecraft:smooth_stone":281,"minecraft:stone_shovel":9,"minecraft:furnace":16,"minecraft:stone":285,"minecraft:scaffolding":60,"minecraft:iron_boots":1,"minecraft:stone_pickaxe":16,"minecraft:chest":13,"minecraft:spruce_boat":1,"minecraft:stone_hoe":5,"minecraft:cauldron":4,"minecraft:crafting_table":3,"minecraft:spruce_planks":200,"minecraft:wooden_pickaxe":1,"minecraft:baked_potato":107,"minecraft:spruce_door":3,"minecraft:bucket":5,"minecraft:stone_axe":6,"minecraft:bread":10,"minecraft:air":0,"minecraft:diamond_pickaxe":1,"minecraft:stick":100,"minecraft:iron_ingot":126,"minecraft:wooden_axe":1,"minecraft:iron_leggings":1,"minecraft:torch":196,"minecraft:shears":1,"minecraft:brick":507},"minecraft:killed":{"minecraft:spider":9,"minecraft:skeleton":2,"minecraft:creeper":2,"minecraft:sheep":3,"minecraft:trader_llama":2,"minecraft:zombie":27,"minecraft:cow":2}},"DataVersion":3953}