{"stats":{"minecraft:killed_by":{"minecraft:player":4,"minecraft:zombie":1},"minecraft:dropped":{"minecraft:stone_hoe":2,"minecraft:spruce_sign":1,"minecraft:moss_block":3,"minecraft:wheat_seeds":9,"minecraft:oak_log":1,"minecraft:feather":2,"minecraft:cobblestone":2,"minecraft:cobblestone_stairs":26,"minecraft:spruce_leaves":10,"minecraft:dirt":28,"minecraft:sand":12,"minecraft:iron_axe":1,"minecraft:iron_pickaxe":1,"minecraft:spruce_sapling":12,"minecraft:moss_carpet":1,"minecraft:tuff":10,"minecraft:wheat":1,"minecraft:rotten_flesh":136,"minecraft:clay_ball":83,"minecraft:diamond_sword":1,"minecraft:spruce_trapdoor":9,"minecraft:diamond_pickaxe":1,"minecraft:arrow":1},"minecraft:broken":{"minecraft:stone_pickaxe":3,"minecraft:stone_axe":2,"minecraft:iron_pickaxe":1,"minecraft:wooden_hoe":1},"minecraft:used":{"minecraft:iron_shovel":200,"minecraft:redstone":15,"minecraft:chest":19,"minecraft:spruce_planks":23,"minecraft:shield":1,"minecraft:cooked_chicken":3,"minecraft:stone_hoe":22,"minecraft:iron_chestplate":1,"minecraft:spruce_leaves":79,"minecraft:torch":90,"minecraft:soul_sand":1,"minecraft:dirt":141,"minecraft:hopper":7,"minecraft:tuff":1,"minecraft:granite":10,"minecraft:spruce_boat":2,"minecraft:iron_axe":120,"minecraft:repeater":4,"minecraft:furnace":2,"minecraft:potato":247,"minecraft:cobbled_deepslate":2,"minecraft:water_bucket":30,"minecraft:diorite":5,"minecraft:cobblestone_stairs":23,"minecraft:stone_pickaxe":394,"minecraft:baked_potato":38,"minecraft:wooden_pickaxe":16,"minecraft:spruce_sign":4,"minecraft:cobblestone_slab":753,"minecraft:stonecutter":1,"minecraft:glow_berries":2,"minecraft:crafting_table":9,"minecraft:blast_furnace":2,"minecraft:spruce_log":65,"minecraft:shears":87,"minecraft:smoker":1,"minecraft:piston":4,"minecraft:wooden_hoe":50,"minecraft:lever":1,"minecraft:diamond_pickaxe":420,"minecraft:iron_pickaxe":397,"minecraft:spruce_trapdoor":7,"minecraft:spruce_sapling":20,"minecraft:stone_axe":234,"minecraft:diamond_sword":149,"minecraft:cobblestone":109,"minecraft:purple_bed":3,"minecraft:cooked_porkchop":8,"minecraft:bucket":30,"minecraft:kelp":18,"minecraft:bone_meal":6},"minecraft:custom":{"minecraft:mob_kills":423,"minecraft:inspect_hopper":3,"minecraft:interact_with_crafting_table":56,"minecraft:bell_ring":20,"minecraft:leave_game":17,"minecraft:time_since_death":83541,"minecraft:climb_one_cm":908,"minecraft:sprint_one_cm":726428,"minecraft:walk_one_cm":769176,"minecraft:damage_blocked_by_shield":30,"minecraft:drop":48,"minecraft:play_time":480969,"minecraft:sneak_time":33671,"minecraft:deaths":7,"minecraft:walk_under_water_one_cm":151256,"minecraft:boat_one_cm":79492,"minecraft:jump":3758,"minecraft:interact_with_blast_furnace":45,"minecraft:walk_on_water_one_cm":43295,"minecraft:enchant_item":7,"minecraft:total_world_time":480969,"minecraft:interact_with_furnace":39,"minecraft:interact_with_stonecutter":5,"minecraft:sleep_in_bed":10,"minecraft:time_since_rest":83569,"minecraft:damage_taken":3266,"minecraft:damage_dealt":4333,"minecraft:swim_one_cm":123995,"minecraft:fly_one_cm":566279,"minecraft:open_chest":167,"minecraft:crouch_one_cm":100968,"minecraft:interact_with_smoker":6,"minecraft:fall_one_cm":62690},"minecraft:mined":{"minecraft:tuff":11,"minecraft:spruce_planks":6,"minecraft:deepslate_diamond_ore":4,"minecraft:cobblestone_stairs":14,"minecraft:spruce_trapdoor":11,"minecraft:granite":81,"minecraft:grass_block":122,"minecraft:redstone_wire":1,"minecraft:spruce_leaves":175,"minecraft:moss_block":3,"minecraft:kelp":1,"minecraft:large_fern":1,"minecraft:spruce_sapling":2,"minecraft:furnace":1,"minecraft:iron_ore":113,"minecraft:andesite":45,"minecraft:moss_carpet":1,"minecraft:fletching_table":1,"minecraft:deepslate_lapis_ore":6,"minecraft:rail":47,"minecraft:potatoes":74,"minecraft:cave_vines":1,"minecraft:deepslate_iron_ore":21,"minecraft:cobblestone_slab":46,"minecraft:dirt_path":3,"minecraft:stone":555,"minecraft:podzol":13,"minecraft:deepslate_redstone_ore":14,"minecraft:kelp_plant":4,"minecraft:clay":20,"minecraft:crafting_table":6,"minecraft:torch":2,"minecraft:short_grass":2,"minecraft:blast_furnace":2,"minecraft:chest":13,"minecraft:campfire":1,"minecraft:tall_grass":1,"minecraft:cobblestone":45,"minecraft:lapis_ore":1,"minecraft:deepslate_gold_ore":5,"minecraft:diorite":35,"minecraft:wall_torch":2,"minecraft:purple_bed":3,"minecraft:wheat":2,"minecraft:spruce_log":253,"minecraft:oak_log":5,"minecraft:coal_ore":41,"minecraft:gravel":2,"minecraft:dirt":80,"minecraft:cobweb":8,"minecraft:stonecutter":1,"minecraft:gold_ore":3,"minecraft:oak_leaves":2,"minecraft:deepslate":112,"minecraft:fern":2},"minecraft:picked_up":{"minecraft:spruce_leaves":105,"minecraft:charcoal":4,"minecraft:crafting_table":8,"minecraft:iron_chestplate":3,"minecraft:wheat":3,"minecraft:clay_ball":278,"minecraft:diamond_sword":3,"minecraft:wooden_pickaxe":2,"minecraft:string":7,"minecraft:moss_carpet":2,"minecraft:iron_axe":4,"minecraft:iron_leggings":2,"minecraft:iron_shovel":3,"minecraft:cobbled_deepslate":234,"minecraft:bucket":1,"minecraft:spruce_planks":79,"minecraft:cobblestone_slab":371,"minecraft:redstone_torch":8,"minecraft:iron_pickaxe":6,"minecraft:chest":13,"minecraft:spruce_trapdoor":5,"minecraft:furnace":1,"minecraft:iron_boots":3,"minecraft:stick":55,"minecraft:raw_iron":203,"minecraft:stone":60,"minecraft:torch":30,"minecraft:porkchop":1,"minecraft:diorite":93,"minecraft:redstone":155,"minecraft:rotten_flesh":333,"minecraft:arrow":3,"minecraft:shears":3,"minecraft:gold_ingot":24,"minecraft:glow_berries":2,"minecraft:rail":47,"minecraft:cobblestone":1041,"minecraft:feather":3,"minecraft:water_bucket":2,"minecraft:andesite":156,"minecraft:fern":6,"minecraft:potato":268,"minecraft:flint":6,"minecraft:tuff":21,"minecraft:oak_log":5,"minecraft:gunpowder":4,"minecraft:cobblestone_stairs":19,"minecraft:lapis_lazuli":182,"minecraft:dirt":338,"minecraft:bone":2,"minecraft:kelp":114,"minecraft:stonecutter":1,"minecraft:wheat_seeds":15,"minecraft:raw_gold":12,"minecraft:iron_ingot":135,"minecraft:stone_pickaxe":1,"minecraft:fletching_table":3,"minecraft:moss_block":6,"minecraft:stone_hoe":1,"minecraft:soul_sand":1,"minecraft:cooked_porkchop":7,"minecraft:sand":12,"minecraft:spruce_sapling":59,"minecraft:blast_furnace":2,"minecraft:spruce_log":398,"minecraft:purple_bed":3,"minecraft:diamond":34,"minecraft:spruce_boat":2,"minecraft:iron_helmet":3,"minecraft:granite":255,"minecraft:spruce_sign":5,"minecraft:baked_potato":32,"minecraft:coal":61,"minecraft:diamond_pickaxe":1},"minecraft:crafted":{"minecraft:oak_planks":16,"minecraft:cobblestone_slab":42,"minecraft:furnace":2,"minecraft:piston":4,"minecraft:cobblestone_stairs":12,"minecraft:stone":42,"minecraft:bone_meal":6,"minecraft:lever":1,"minecraft:hopper":7,"minecraft:repeater":4,"minecraft:iron_boots":1,"minecraft:iron_axe":1,"minecraft:stone_pickaxe":3,"minecraft:chest":13,"minecraft:spruce_boat":1,"minecraft:stone_hoe":1,"minecraft:smoker":1,"minecraft:diamond_sword":1,"minecraft:spruce_sign":3,"minecraft:cooked_porkchop":1,"minecraft:crafting_table":5,"minecraft:spruce_planks":164,"minecraft:iron_helmet":1,"minecraft:wooden_pickaxe":2,"minecraft:baked_potato":108,"minecraft:bucket":1,"minecraft:stone_axe":2,"minecraft:air":0,"minecraft:iron_chestplate":1,"minecraft:wooden_hoe":1,"minecraft:diamond_pickaxe":1,"minecraft:charcoal":51,"minecraft:shield":1,"minecraft:stick":68,"minecraft:iron_ingot":129,"minecraft:iron_pickaxe":3,"minecraft:iron_shovel":1,"minecraft:iron_leggings":2,"minecraft:gold_ingot":12,"minecraft:redstone_torch":12,"minecraft:torch":96,"minecraft:shears":1},"minecraft:killed":{"minecraft:cave_spider":1,"minecraft:skeleton":3,"minecraft:wolf":2,"minecraft:pig":1,"minecraft:creeper":3,"minecraft:zombie":412}},"DataVersion":3953}