{"stats":{"minecraft:killed_by":{"minecraft:creeper":2,"minecraft:zombie":4,"minecraft:player":5},"minecraft:dropped":{"minecraft:spruce_sign":1,"minecraft:soul_sand":1,"minecraft:brown_mushroom":1,"minecraft:baked_potato":1,"minecraft:crafting_table":2,"minecraft:cooked_porkchop":8,"minecraft:leather":14,"minecraft:cod":1,"minecraft:cobblestone_stairs":22,"minecraft:flint":2,"minecraft:dirt":30,"minecraft:bone_meal":4,"minecraft:sand":8,"minecraft:white_wool":8,"minecraft:gold_ingot":1,"minecraft:bone":5,"minecraft:stone_axe":1,"minecraft:sugar_cane":1,"minecraft:obsidian":2,"minecraft:rotten_flesh":1345,"minecraft:oak_planks":7,"minecraft:gunpowder":3,"minecraft:arrow":4,"minecraft:scaffolding":56,"minecraft:oak_leaves":192,"minecraft:netherrack":15,"minecraft:water_bucket":2,"minecraft:birch_leaves":19,"minecraft:wheat_seeds":2,"minecraft:poisonous_potato":1,"minecraft:feather":3,"minecraft:cobblestone":203,"minecraft:apple":1,"minecraft:granite":59,"minecraft:grass_block":1,"minecraft:pufferfish":1,"minecraft:gray_wool":1,"minecraft:diorite":15,"minecraft:nether_wart_block":2,"minecraft:string":4,"minecraft:lily_pad":1,"minecraft:spruce_sapling":3,"minecraft:moss_carpet":2,"minecraft:kelp":25,"minecraft:sweet_berries":6,"minecraft:stone_sword":1,"minecraft:raw_copper":4,"minecraft:clay_ball":42,"minecraft:filled_map":1,"minecraft:diamond_sword":1,"minecraft:potato":4,"minecraft:spruce_trapdoor":1,"minecraft:oak_sapling":1,"minecraft:spider_eye":1,"minecraft:bow":1,"minecraft:wooden_pickaxe":1},"minecraft:broken":{"minecraft:iron_shovel":5,"minecraft:shears":1,"minecraft:stone_pickaxe":2,"minecraft:diamond_pickaxe":1,"minecraft:stone_sword":1,"minecraft:iron_pickaxe":1},"minecraft:used":{"minecraft:iron_shovel":1261,"minecraft:chest":20,"minecraft:shield":69,"minecraft:iron_sword":328,"minecraft:soul_sand":5,"minecraft:mutton":1,"minecraft:carrot":8,"minecraft:tuff":1,"minecraft:spruce_boat":7,"minecraft:bow":218,"minecraft:scaffolding":298,"minecraft:sweet_berries":14,"minecraft:furnace":20,"minecraft:oak_sapling":1,"minecraft:egg":3,"minecraft:potato":156,"minecraft:diorite":4,"minecraft:diamond_boots":1,"minecraft:stone_pickaxe":312,"minecraft:oak_planks":9,"minecraft:wooden_pickaxe":53,"minecraft:sugar_cane":1,"minecraft:diamond_axe":232,"minecraft:glow_berries":27,"minecraft:sand":37,"minecraft:shears":259,"minecraft:lever":1,"minecraft:string":43,"minecraft:oak_pressure_plate":82,"minecraft:nether_wart_block":5,"minecraft:diamond_sword":86,"minecraft:cooked_rabbit":1,"minecraft:oak_boat":10,"minecraft:bone_meal":21,"minecraft:experience_bottle":520,"minecraft:oak_trapdoor":43,"minecraft:stone_sword":187,"minecraft:redstone":1,"minecraft:spruce_planks":11,"minecraft:cooked_salmon":13,"minecraft:cooked_chicken":4,"minecraft:netherrack":102,"minecraft:torch":372,"minecraft:dirt":1607,"minecraft:hopper":3,"minecraft:cobblestone_wall":1,"minecraft:diamond_helmet":2,"minecraft:granite":41,"minecraft:oak_fence_gate":7,"minecraft:iron_hoe":150,"minecraft:wooden_axe":52,"minecraft:bamboo":40,"minecraft:diamond_chestplate":1,"minecraft:tripwire_hook":5,"minecraft:cooked_beef":14,"minecraft:wheat_seeds":200,"minecraft:cooked_mutton":18,"minecraft:water_bucket":351,"minecraft:cobblestone_stairs":273,"minecraft:baked_potato":41,"minecraft:spruce_sign":9,"minecraft:cobblestone_slab":2228,"minecraft:salmon":1,"minecraft:crafting_table":23,"minecraft:white_bed":3,"minecraft:cod":3,"minecraft:spruce_log":21,"minecraft:oak_log":8,"minecraft:diamond_pickaxe":5004,"minecraft:apple":4,"minecraft:diamond_shovel":630,"minecraft:iron_pickaxe":453,"minecraft:spruce_trapdoor":6,"minecraft:spruce_sapling":2,"minecraft:stone_axe":107,"minecraft:fishing_rod":10,"minecraft:cobblestone":2031,"minecraft:porkchop":2,"minecraft:cooked_porkchop":35,"minecraft:bucket":355,"minecraft:kelp":209,"minecraft:diamond_leggings":1},"minecraft:custom":{"minecraft:animals_bred":1,"minecraft:interact_with_crafting_table":117,"minecraft:bell_ring":2,"minecraft:leave_game":2,"minecraft:time_since_death":30503,"minecraft:sprint_one_cm":1948150,"minecraft:damage_blocked_by_shield":2222,"minecraft:drop":312,"minecraft:talked_to_villager":5,"minecraft:play_time":1147237,"minecraft:deaths":27,"minecraft:jump":14775,"minecraft:walk_on_water_one_cm":331929,"minecraft:enchant_item":13,"minecraft:interact_with_furnace":134,"minecraft:sleep_in_bed":24,"minecraft:damage_dealt":21021,"minecraft:player_kills":8,"minecraft:crouch_one_cm":164590,"minecraft:mob_kills":1089,"minecraft:interact_with_anvil":3,"minecraft:inspect_hopper":2,"minecraft:climb_one_cm":305902,"minecraft:walk_one_cm":1680070,"minecraft:sneak_time":41566,"minecraft:walk_under_water_one_cm":907083,"minecraft:boat_one_cm":684604,"minecraft:total_world_time":1147237,"minecraft:interact_with_stonecutter":1,"minecraft:interact_with_grindstone":1,"minecraft:time_since_rest":30529,"minecraft:damage_taken":28843,"minecraft:swim_one_cm":322866,"minecraft:fly_one_cm":2140964,"minecraft:open_chest":204,"minecraft:fish_caught":6,"minecraft:fall_one_cm":459159},"minecraft:mined":{"minecraft:spruce_planks":8,"minecraft:white_bed":2,"minecraft:farmland":2,"minecraft:cobblestone_stairs":37,"minecraft:cave_vines_plant":13,"minecraft:granite":283,"minecraft:grass_block":1154,"minecraft:oak_pressure_plate":5,"minecraft:spawner":1,"minecraft:tall_seagrass":1,"minecraft:iron_ore":62,"minecraft:fire":7,"minecraft:deepslate_lapis_ore":6,"minecraft:cave_vines":35,"minecraft:tripwire":2,"minecraft:deepslate_redstone_ore":90,"minecraft:brown_mushroom":21,"minecraft:kelp_plant":12,"minecraft:clay":6,"minecraft:torch":43,"minecraft:chest":7,"minecraft:spruce_wall_sign":4,"minecraft:nether_quartz_ore":6,"minecraft:cobblestone":386,"minecraft:oak_planks":6,"minecraft:sugar_cane":3,"minecraft:wall_torch":29,"minecraft:seagrass":1,"minecraft:warped_nylium":3,"minecraft:nether_wart_block":7,"minecraft:birch_log":5,"minecraft:wheat":141,"minecraft:oak_log":214,"minecraft:oak_fence_gate":1,"minecraft:sand":335,"minecraft:dirt":500,"minecraft:tripwire_hook":4,"minecraft:netherrack":112,"minecraft:oak_leaves":354,"minecraft:deepslate":18,"minecraft:nether_gold_ore":4,"minecraft:tuff":2,"minecraft:mossy_cobblestone":35,"minecraft:deepslate_diamond_ore":13,"minecraft:redstone_wire":1,"minecraft:spruce_leaves":3,"minecraft:red_mushroom":1,"minecraft:moss_block":2,"minecraft:kelp":9,"minecraft:large_fern":1,"minecraft:spore_blossom":1,"minecraft:oak_trapdoor":3,"minecraft:spruce_sapling":1,"minecraft:furnace":14,"minecraft:andesite":69,"minecraft:cobblestone_slab":506,"minecraft:potatoes":77,"minecraft:deepslate_iron_ore":31,"minecraft:shroomlight":1,"minecraft:rail":1,"minecraft:bamboo_sapling":1,"minecraft:bamboo":43,"minecraft:stone":3720,"minecraft:podzol":10,"minecraft:scaffolding":15,"minecraft:soul_sand":10,"minecraft:crafting_table":18,"minecraft:short_grass":40,"minecraft:tall_grass":1,"minecraft:copper_ore":4,"minecraft:lapis_ore":7,"minecraft:diorite":19,"minecraft:warped_wart_block":4,"minecraft:cobblestone_wall":1,"minecraft:sweet_berry_bush":2,"minecraft:spruce_log":159,"minecraft:birch_leaves":21,"minecraft:coal_ore":252,"minecraft:gravel":17,"minecraft:cobweb":2,"minecraft:fern":33},"minecraft:picked_up":{"minecraft:wooden_axe":1,"minecraft:seagrass":2,"minecraft:wheat":134,"minecraft:lead":24,"minecraft:enchanted_book":1,"minecraft:string":86,"minecraft:raw_copper":53,"minecraft:cooked_salmon":11,"minecraft:pufferfish":1,"minecraft:shroomlight":1,"minecraft:diamond_leggings":4,"minecraft:gold_nugget":131,"minecraft:cobbled_deepslate":26,"minecraft:bucket":8,"minecraft:spruce_planks":372,"minecraft:cobblestone_slab":2031,"minecraft:iron_pickaxe":5,"minecraft:furnace":15,"minecraft:stick":322,"minecraft:torch":1326,"minecraft:porkchop":71,"minecraft:diorite":33,"minecraft:stone_sword":2,"minecraft:rotten_flesh":2025,"minecraft:obsidian":3,"minecraft:cod":4,"minecraft:cobblestone":5697,"minecraft:birch_log":5,"minecraft:feather":20,"minecraft:cooked_beef":15,"minecraft:water_bucket":31,"minecraft:potato":324,"minecraft:flint":2,"minecraft:tuff":1,"minecraft:lapis_lazuli":108,"minecraft:dirt":1762,"minecraft:bone":23,"minecraft:bow":12,"minecraft:wheat_seeds":379,"minecraft:rabbit":1,"minecraft:diamond_helmet":4,"minecraft:bamboo":528,"minecraft:oak_planks":748,"minecraft:cooked_porkchop":11,"minecraft:warped_wart_block":3,"minecraft:oak_pressure_plate":56,"minecraft:poisonous_potato":1,"minecraft:sand":232,"minecraft:grass_block":1,"minecraft:mossy_cobblestone":35,"minecraft:diamond":19,"minecraft:spruce_boat":6,"minecraft:granite":424,"minecraft:bone_meal":6,"minecraft:spruce_sign":6,"minecraft:oak_sapling":34,"minecraft:netherrack":191,"minecraft:oak_leaves":216,"minecraft:diamond_pickaxe":15,"minecraft:crafting_table":27,"minecraft:chicken":13,"minecraft:clay_ball":42,"minecraft:brown_mushroom":40,"minecraft:wooden_pickaxe":2,"minecraft:shield":7,"minecraft:oak_trapdoor":17,"minecraft:moss_carpet":4,"minecraft:beef":17,"minecraft:oak_boat":7,"minecraft:sugar_cane":10,"minecraft:chest":19,"minecraft:birch_sapling":2,"minecraft:spruce_trapdoor":5,"minecraft:egg":3,"minecraft:raw_iron":109,"minecraft:carrot":15,"minecraft:redstone":333,"minecraft:arrow":76,"minecraft:diamond_chestplate":4,"minecraft:shears":9,"minecraft:diamond_boots":4,"minecraft:glow_berries":27,"minecraft:mutton":28,"minecraft:white_wool":18,"minecraft:rail":2,"minecraft:birch_leaves":19,"minecraft:tripwire_hook":4,"minecraft:salmon":24,"minecraft:leather":39,"minecraft:red_mushroom":1,"minecraft:filled_map":2,"minecraft:oak_log":258,"minecraft:lily_pad":3,"minecraft:gunpowder":11,"minecraft:nether_wart_block":13,"minecraft:cobblestone_wall":1,"minecraft:cobblestone_stairs":409,"minecraft:cooked_mutton":8,"minecraft:apple":5,"minecraft:kelp":457,"minecraft:oak_fence_gate":12,"minecraft:spore_blossom":1,"minecraft:iron_ingot":163,"minecraft:stone_pickaxe":1,"minecraft:iron_sword":4,"minecraft:soul_sand":43,"minecraft:scaffolding":464,"minecraft:sweet_berries":22,"minecraft:quartz":6,"minecraft:gravel":28,"minecraft:spruce_sapling":13,"minecraft:white_bed":2,"minecraft:spruce_log":249,"minecraft:spider_eye":1,"minecraft:diamond_shovel":5,"minecraft:stone_axe":2,"minecraft:diamond_axe":13,"minecraft:gray_wool":3,"minecraft:baked_potato":591,"minecraft:coal":815,"minecraft:hopper":6,"minecraft:ender_pearl":2},"minecraft:crafted":{"minecraft:oak_planks":808,"minecraft:cobblestone_slab":2076,"minecraft:oak_pressure_plate":128,"minecraft:cooked_chicken":7,"minecraft:cobblestone_stairs":164,"minecraft:lever":1,"minecraft:diamond_shovel":1,"minecraft:cooked_mutton":12,"minecraft:hopper":3,"minecraft:chest":16,"minecraft:cooked_rabbit":1,"minecraft:cooked_porkchop":41,"minecraft:diamond_axe":1,"minecraft:crafting_table":7,"minecraft:spruce_planks":412,"minecraft:wooden_pickaxe":2,"minecraft:baked_potato":186,"minecraft:birch_planks":20,"minecraft:spruce_trapdoor":6,"minecraft:charcoal":19,"minecraft:diamond_pickaxe":3,"minecraft:shield":3,"minecraft:stick":324,"minecraft:iron_ingot":73,"minecraft:iron_pickaxe":3,"minecraft:stone_sword":2,"minecraft:gold_ingot":1,"minecraft:shears":2,"minecraft:fishing_rod":1,"minecraft:tripwire_hook":2,"minecraft:furnace":7,"minecraft:bone_meal":21,"minecraft:oak_trapdoor":46,"minecraft:scaffolding":234,"minecraft:iron_hoe":1,"minecraft:stone_pickaxe":3,"minecraft:cobblestone_wall":6,"minecraft:spruce_boat":2,"minecraft:diamond_sword":2,"minecraft:spruce_sign":6,"minecraft:iron_sword":2,"minecraft:bowl":4,"minecraft:cooked_salmon":13,"minecraft:bucket":4,"minecraft:stone_axe":1,"minecraft:air":0,"minecraft:oak_fence_gate":7,"minecraft:oak_boat":5,"minecraft:wooden_axe":1,"minecraft:iron_shovel":9,"minecraft:white_bed":1,"minecraft:torch":632},"minecraft:killed":{"minecraft:witch":1,"minecraft:spider":6,"minecraft:cod":1,"minecraft:skeleton":24,"minecraft:chicken":14,"minecraft:wolf":1,"minecraft:piglin":1,"minecraft:pig":25,"minecraft:salmon":26,"minecraft:creeper":4,"minecraft:sheep":15,"minecraft:trader_llama":2,"minecraft:zombie":943,"minecraft:cow":12,"minecraft:drowned":2,"minecraft:rabbit":1,"minecraft:bat":2,"minecraft:wandering_trader":1,"minecraft:enderman":1}},"DataVersion":3953}